,RouteName,PriceStart,BusesCount,FirstBus,LastBus,BookNow,RouteLink
0,Durgapur (West Bengal) to Kolkata,From INR 135,10 bus options,First Bus : 07:15,Last Bus : 17:25,BOOK NOW,https://www.redbus.in/bus-tickets/durgapur-to-kolkata
1,Digha to Barasat (West Bengal),From INR 161,18 bus options,First Bus : 04:00,Last Bus : 16:45,BOOK NOW,https://www.redbus.in/bus-tickets/digha-to-barasat-west-bengal
2,Barasat (West Bengal) to Digha,From INR 161,18 bus options,First Bus : 03:45,Last Bus : 15:50,BOOK NOW,https://www.redbus.in/bus-tickets/barasat-west-bengal-to-digha
3,Suri to Kolkata,From INR 435,4 bus options,First Bus : 05:15,Last Bus : 14:30,BOOK NOW,https://www.redbus.in/bus-tickets/suri-to-kolkata
4,Kolkata to Digha,From INR 145,22 bus options,First Bus : 01:00,Last Bus : 16:45,BOOK NOW,https://www.redbus.in/bus-tickets/kolkata-to-digha
5,Bolpur (West Bengal) to Kolkata,From INR 375,4 bus options,First Bus : 06:10,Last Bus : 15:25,BOOK NOW,https://www.redbus.in/bus-tickets/bolpur-west-bengal-to-kolkata
6,Kolkata to Suri,From INR 435,4 bus options,First Bus : 06:45,Last Bus : 16:00,BOOK NOW,https://www.redbus.in/bus-tickets/kolkata-to-suri
7,Digha to Kolkata,From INR 145,37 bus options,First Bus : 04:00,Last Bus : 16:45,BOOK NOW,https://www.redbus.in/bus-tickets/digha-to-kolkata
8,Kolkata to Durgapur (West Bengal),From INR 135,8 bus options,First Bus : 06:00,Last Bus : 16:15,BOOK NOW,https://www.redbus.in/bus-tickets/kolkata-to-durgapur
9,Habra to Digha,From INR 179,8 bus options,First Bus : 03:45,Last Bus : 13:00,BOOK NOW,https://www.redbus.in/bus-tickets/habra-to-digha
10,Barasat (West Bengal) to Nandakumar (west bengal),From INR 89,18 bus options,First Bus : 03:45,Last Bus : 15:50,BOOK NOW,https://www.redbus.in/bus-tickets/barasat-west-bengal-to-nandakumar
11,Asansol (West Bengal) to Kolkata,From INR 165,10 bus options,First Bus : 06:15,Last Bus : 16:30,BOOK NOW,https://www.redbus.in/bus-tickets/asansol-to-kolkata
12,Barasat (West Bengal) to Contai (Kanthi),From INR 131,17 bus options,First Bus : 03:45,Last Bus : 15:50,BOOK NOW,https://www.redbus.in/bus-tickets/barasat-west-bengal-to-contai-kanthi
13,Siliguri to Kolkata,From INR 1355,1 bus options,First Bus : 17:50,Last Bus : 17:50,BOOK NOW,https://www.redbus.in/bus-tickets/siliguri-to-kolkata
14,Kolkata to Bolpur (West Bengal),From INR 375,4 bus options,First Bus : 06:45,Last Bus : 16:00,BOOK NOW,https://www.redbus.in/bus-tickets/kolkata-to-bolpur-west-bengal
15,Barasat (West Bengal) to Midnapore,From INR 120,1 bus options,First Bus : 07:00,Last Bus : 07:00,BOOK NOW,https://www.redbus.in/bus-tickets/barasat-west-bengal-to-midnapore
16,Barasat (West Bengal) to Kolaghat,From INR 69,17 bus options,First Bus : 03:45,Last Bus : 15:50,BOOK NOW,https://www.redbus.in/bus-tickets/barasat-west-bengal-to-kolaghat
17,Barasat (West Bengal) to Durgapur (West Bengal),From INR 147,3 bus options,First Bus : 05:40,Last Bus : 07:30,BOOK NOW,https://www.redbus.in/bus-tickets/barasat-west-bengal-to-durgapur
18,Barasat (West Bengal) to Heria,From INR 112,15 bus options,First Bus : 03:45,Last Bus : 15:50,BOOK NOW,https://www.redbus.in/bus-tickets/barasat-west-bengal-to-heria
19,Digha to Habra,From INR 179,8 bus options,First Bus : 04:00,Last Bus : 14:50,BOOK NOW,https://www.redbus.in/bus-tickets/digha-to-habra
20,Midnapore to Barasat (West Bengal),From INR 120,1 bus options,First Bus : 15:40,Last Bus : 15:40,BOOK NOW,https://www.redbus.in/bus-tickets/midnapore-to-barasat-west-bengal
21,Haldia to Barasat (West Bengal),From INR 113,1 bus options,First Bus : 16:45,Last Bus : 16:45,BOOK NOW,https://www.redbus.in/bus-tickets/haldia-to-barasat-west-bengal
22,Barasat (West Bengal) to Haldia,From INR 113,1 bus options,First Bus : 07:10,Last Bus : 07:10,BOOK NOW,https://www.redbus.in/bus-tickets/barasat-west-bengal-to-haldia
23,Midnapore to Kolkata,From INR 105,1 bus options,First Bus : 15:40,Last Bus : 15:40,BOOK NOW,https://www.redbus.in/bus-tickets/midnapore-to-kolkata
24,Durgapur (West Bengal) to Purulia,From INR 240,3 bus options,First Bus : 09:15,Last Bus : 18:15,BOOK NOW,https://www.redbus.in/bus-tickets/durgapur-to-purulia
25,Barasat (West Bengal) to Burdwan,From INR 93,2 bus options,First Bus : 06:00,Last Bus : 07:30,BOOK NOW,https://www.redbus.in/bus-tickets/barasat-west-bengal-to-burdwan
26,Kolkata to Siliguri,From INR 1355,1 bus options,First Bus : 17:50,Last Bus : 17:50,BOOK NOW,https://www.redbus.in/bus-tickets/kolkata-to-siliguri
27,Durgapur (West Bengal) to Barasat (West Bengal),From INR 147,1 bus options,First Bus : 14:25,Last Bus : 14:25,BOOK NOW,https://www.redbus.in/bus-tickets/durgapur-to-barasat-west-bengal
28,Haldia to Kolkata,From INR 97,1 bus options,First Bus : 16:45,Last Bus : 16:45,BOOK NOW,https://www.redbus.in/bus-tickets/haldia-to-kolkata
29,Kolkata to Purulia,From INR 595,3 bus options,First Bus : 06:00,Last Bus : 15:00,BOOK NOW,https://www.redbus.in/bus-tickets/kolkata-to-purulia
30,Kolkata to Asansol (West Bengal),From INR 165,8 bus options,First Bus : 06:00,Last Bus : 16:15,BOOK NOW,https://www.redbus.in/bus-tickets/kolkata-to-asansol
31,Barasat (West Bengal) to Debra,From INR 98,1 bus options,First Bus : 07:00,Last Bus : 07:00,BOOK NOW,https://www.redbus.in/bus-tickets/barasat-west-bengal-to-debra
32,Barasat (West Bengal) to Asansol (West Bengal),From INR 177,3 bus options,First Bus : 05:40,Last Bus : 07:30,BOOK NOW,https://www.redbus.in/bus-tickets/barasat-west-bengal-to-asansol
33,Kolkata to Bakkhali,From INR 102,1 bus options,First Bus : 07:50,Last Bus : 07:50,BOOK NOW,https://www.redbus.in/bus-tickets/kolkata-to-bakkhali
34,Barasat (West Bengal) to Nimtouri,From INR 82,1 bus options,First Bus : 07:10,Last Bus : 07:10,BOOK NOW,https://www.redbus.in/bus-tickets/barasat-west-bengal-to-nimtouri
35,Habra to Kolaghat,From INR 87,9 bus options,First Bus : 03:45,Last Bus : 13:00,BOOK NOW,https://www.redbus.in/bus-tickets/habra-to-kolaghat
36,Habra to Durgapur (West Bengal),From INR 165,1 bus options,First Bus : 05:05,Last Bus : 05:05,BOOK NOW,https://www.redbus.in/bus-tickets/habra-to-durgapur
37,Barasat (West Bengal) to Mechogram,From INR 73,1 bus options,First Bus : 07:00,Last Bus : 07:00,BOOK NOW,https://www.redbus.in/bus-tickets/barasat-west-bengal-to-mechogram
38,Habra to Haldia,From INR 132,1 bus options,First Bus : 06:10,Last Bus : 06:10,BOOK NOW,https://www.redbus.in/bus-tickets/habra-to-haldia
39,Habra to Contai (Kanthi),From INR 149,8 bus options,First Bus : 03:45,Last Bus : 13:00,BOOK NOW,https://www.redbus.in/bus-tickets/habra-to-contai-kanthi
40,Habra to Midnapore,From INR 138,1 bus options,First Bus : 05:55,Last Bus : 05:55,BOOK NOW,https://www.redbus.in/bus-tickets/habra-to-midnapore
41,Vijayawada to Hyderabad,From INR 414,129 bus options,First Bus : 00:05,Last Bus : 23:55,BOOK NOW,https://www.redbus.in/bus-tickets/vijayawada-to-hyderabad
42,Hyderabad to Vijayawada,From INR 367,160 bus options,First Bus : 00:10,Last Bus : 23:55,BOOK NOW,https://www.redbus.in/bus-tickets/hyderabad-to-vijayawada
43,Kakinada to Visakhapatnam,From INR 239,93 bus options,First Bus : 00:30,Last Bus : 23:40,BOOK NOW,https://www.redbus.in/bus-tickets/kakinada-to-visakhapatnam
44,Visakhapatnam to Kakinada,From INR 239,98 bus options,First Bus : 00:25,Last Bus : 23:55,BOOK NOW,https://www.redbus.in/bus-tickets/visakhapatnam-to-kakinada
45,Chittoor (Andhra Pradesh) to Bangalore,From INR 186,27 bus options,First Bus : 01:30,Last Bus : 23:59,BOOK NOW,https://www.redbus.in/bus-tickets/chittoor-andhra-pradesh-to-bangalore
46,Kadapa to Bangalore,From INR 412,42 bus options,First Bus : 00:25,Last Bus : 23:50,BOOK NOW,https://www.redbus.in/bus-tickets/kadapa-to-bangalore
47,Anantapur (andhra pradesh) to Bangalore,From INR 307,45 bus options,First Bus : 00:30,Last Bus : 23:59,BOOK NOW,https://www.redbus.in/bus-tickets/ananthapur-to-bangalore
48,Tirupati to Bangalore,From INR 280,63 bus options,First Bus : 00:30,Last Bus : 23:55,BOOK NOW,https://www.redbus.in/bus-tickets/tirupathi-to-bangalore
49,Visakhapatnam to Vijayawada,From INR 549,81 bus options,First Bus : 00:15,Last Bus : 23:45,BOOK NOW,https://www.redbus.in/bus-tickets/visakhapatnam-to-vijayawada
50,Ongole to Hyderabad,From INR 555,36 bus options,First Bus : 08:30,Last Bus : 23:59,BOOK NOW,https://www.redbus.in/bus-tickets/ongole-to-hyderabad
51,Bangalore to Tirupati,From INR 284,65 bus options,First Bus : 03:30,Last Bus : 23:55,BOOK NOW,https://www.redbus.in/bus-tickets/bangalore-to-tirupathi
52,Macherla (andhra pradesh) to Hyderabad,From INR 302,20 bus options,First Bus : 04:00,Last Bus : 23:30,BOOK NOW,https://www.redbus.in/bus-tickets/macherla-to-hyderabad
53,Rajahmundry to Visakhapatnam,From INR 298,89 bus options,First Bus : 00:15,Last Bus : 23:55,BOOK NOW,https://www.redbus.in/bus-tickets/rajahmundry-to-visakhapatnam
54,Nandyal to Hyderabad,From INR 469,21 bus options,First Bus : 00:30,Last Bus : 23:50,BOOK NOW,https://www.redbus.in/bus-tickets/nandyala-to-hyderabad
55,Bangalore to Kadapa,From INR 412,43 bus options,First Bus : 04:00,Last Bus : 23:50,BOOK NOW,https://www.redbus.in/bus-tickets/bangalore-to-kadapa
56,Hyderabad to Ongole,From INR 522,40 bus options,First Bus : 06:33,Last Bus : 22:30,BOOK NOW,https://www.redbus.in/bus-tickets/hyderabad-to-ongole
57,Guntur (Andhra Pradesh) to Hyderabad,From INR 451,19 bus options,First Bus : 09:00,Last Bus : 23:30,BOOK NOW,https://www.redbus.in/bus-tickets/guntur-to-hyderabad
58,Vijayawada to Visakhapatnam,From INR 549,79 bus options,First Bus : 00:30,Last Bus : 23:55,BOOK NOW,https://www.redbus.in/bus-tickets/vijayawada-to-visakhapatnam
59,Rajahmundry to Vijayawada,From INR 199,92 bus options,First Bus : 00:45,Last Bus : 23:59,BOOK NOW,https://www.redbus.in/bus-tickets/rajahmundry-to-vijayawada
60,Hyderabad to Kurnool,From INR 265,62 bus options,First Bus : 00:30,Last Bus : 23:55,BOOK NOW,https://www.redbus.in/bus-tickets/hyderabad-to-kurnool
61,Bangalore to Chittoor (Andhra Pradesh),From INR 186,38 bus options,First Bus : 04:20,Last Bus : 23:35,BOOK NOW,https://www.redbus.in/bus-tickets/bangalore-to-chittoor-andhra-pradesh
62,Kurnool to Hyderabad,From INR 265,55 bus options,First Bus : 00:05,Last Bus : 23:55,BOOK NOW,https://www.redbus.in/bus-tickets/kurnool-to-hyderabad
63,Visakhapatnam to Rajahmundry,From INR 298,111 bus options,First Bus : 00:15,Last Bus : 23:45,BOOK NOW,https://www.redbus.in/bus-tickets/visakhapatnam-to-rajahmundry
64,Rayachoti to Bangalore,From INR 330,24 bus options,First Bus : 00:50,Last Bus : 23:55,BOOK NOW,https://www.redbus.in/bus-tickets/rayachoti-to-bangalore
65,Vinukonda to Hyderabad,From INR 435,12 bus options,First Bus : 09:00,Last Bus : 23:30,BOOK NOW,https://www.redbus.in/bus-tickets/vinukonda-to-hyderabad
66,Bangalore to Anantapur (andhra pradesh),From INR 307,52 bus options,First Bus : 00:30,Last Bus : 23:45,BOOK NOW,https://www.redbus.in/bus-tickets/bangalore-to-ananthapur
67,Amalapuram to Visakhapatnam,From INR 355,47 bus options,First Bus : 03:30,Last Bus : 23:50,BOOK NOW,https://www.redbus.in/bus-tickets/amalapuram-to-visakhapatnam
68,Vijayawada to Tirupati,From INR 510,70 bus options,First Bus : 00:20,Last Bus : 23:59,BOOK NOW,https://www.redbus.in/bus-tickets/vijayawada-to-tirupathi
69,Madanapalli to Bangalore,From INR 143,13 bus options,First Bus : 03:40,Last Bus : 17:45,BOOK NOW,https://www.redbus.in/bus-tickets/madanapalli-to-bangalore
70,Narasaraopet to Hyderabad,From INR 427,12 bus options,First Bus : 08:35,Last Bus : 23:50,BOOK NOW,https://www.redbus.in/bus-tickets/narsaraopet-to-hyderabad
71,Eluru to Hyderabad,From INR 537,31 bus options,First Bus : 00:45,Last Bus : 23:59,BOOK NOW,https://www.redbus.in/bus-tickets/eluru-to-hyderabad
72,Visakhapatnam to Amalapuram,From INR 367,46 bus options,First Bus : 03:30,Last Bus : 23:55,BOOK NOW,https://www.redbus.in/bus-tickets/visakhapatnam-to-amalapuram
73,Kadiri to Bangalore,From INR 188,23 bus options,First Bus : 04:00,Last Bus : 23:20,BOOK NOW,https://www.redbus.in/bus-tickets/kadiri-to-bangalore
74,Chennai to Tirupati,From INR 149,52 bus options,First Bus : 00:15,Last Bus : 23:59,BOOK NOW,https://www.redbus.in/bus-tickets/chennai-to-tirupathi
75,Rajahmundry to Hyderabad,From INR 686,19 bus options,First Bus : 18:30,Last Bus : 23:55,BOOK NOW,https://www.redbus.in/bus-tickets/rajahmundry-to-hyderabad
76,Kurnool to Vijayawada,From INR 555,31 bus options,First Bus : 05:30,Last Bus : 23:57,BOOK NOW,https://www.redbus.in/bus-tickets/kurnool-to-vijayawada
77,Vijayawada to Kurnool,From INR 554,31 bus options,First Bus : 02:15,Last Bus : 23:55,BOOK NOW,https://www.redbus.in/bus-tickets/vijayawada-to-kurnool
78,Kakinada to Vijayawada,From INR 355,51 bus options,First Bus : 02:10,Last Bus : 23:55,BOOK NOW,https://www.redbus.in/bus-tickets/kakinada-to-vijayawada
79,Bangalore to Madanapalli,From INR 157,11 bus options,First Bus : 05:45,Last Bus : 20:15,BOOK NOW,https://www.redbus.in/bus-tickets/bangalore-to-madanapalli
80,Nellore to Bangalore,From INR 613,22 bus options,First Bus : 00:20,Last Bus : 23:45,BOOK NOW,https://www.redbus.in/bus-tickets/nellore-to-bangalore
81,Hyderabad to Narasaraopet,From INR 335,19 bus options,First Bus : 07:00,Last Bus : 22:30,BOOK NOW,https://www.redbus.in/bus-tickets/hyderabad-to-narsaraopet
82,Hyderabad to Guntur (Andhra Pradesh),From INR 373,23 bus options,First Bus : 04:15,Last Bus : 23:00,BOOK NOW,https://www.redbus.in/bus-tickets/hyderabad-to-guntur
83,Bangalore to Kadiri,From INR 178,26 bus options,First Bus : 00:37,Last Bus : 23:15,BOOK NOW,https://www.redbus.in/bus-tickets/bangalore-to-kadiri
84,Vijayawada to Rajahmundry,From INR 199,94 bus options,First Bus : 00:30,Last Bus : 23:59,BOOK NOW,https://www.redbus.in/bus-tickets/vijayawada-to-rajahmundry
85,Bangalore to Rayachoti,From INR 293,31 bus options,First Bus : 04:00,Last Bus : 23:45,BOOK NOW,https://www.redbus.in/bus-tickets/bangalore-to-rayachoti
86,Kurnool to Bangalore,From INR 579,19 bus options,First Bus : 06:30,Last Bus : 23:00,BOOK NOW,https://www.redbus.in/bus-tickets/kurnool-to-bangalore
87,Tirupati to Chennai,From INR 162,44 bus options,First Bus : 01:15,Last Bus : 23:30,BOOK NOW,https://www.redbus.in/bus-tickets/tirupathi-to-chennai
88,Hyderabad to Anantapur (andhra pradesh),From INR 551,25 bus options,First Bus : 01:00,Last Bus : 23:10,BOOK NOW,https://www.redbus.in/bus-tickets/hyderabad-to-ananthapur
89,Anantapur (andhra pradesh) to Hyderabad,From INR 579,23 bus options,First Bus : 08:00,Last Bus : 23:59,BOOK NOW,https://www.redbus.in/bus-tickets/ananthapur-to-hyderabad
90,Bangalore to Kozhikode,From INR 215,14 bus options,First Bus : 10:03,Last Bus : 23:30,BOOK NOW,https://www.redbus.in/bus-tickets/bangalore-to-kozhikode
91,Kozhikode to Ernakulam,From INR 174,55 bus options,First Bus : 00:30,Last Bus : 23:50,BOOK NOW,https://www.redbus.in/bus-tickets/kozhikode-to-ernakulam
92,Kozhikode to Bangalore,From INR 411,18 bus options,First Bus : 03:02,Last Bus : 23:25,BOOK NOW,https://www.redbus.in/bus-tickets/kozhikode-to-bangalore
93,Ernakulam to Kozhikode,From INR 193,60 bus options,First Bus : 00:20,Last Bus : 23:39,BOOK NOW,https://www.redbus.in/bus-tickets/ernakulam-to-kozhikode
94,Kozhikode to Mysore,From INR 147,36 bus options,First Bus : 00:50,Last Bus : 23:25,BOOK NOW,https://www.redbus.in/bus-tickets/kozhikode-to-mysore
95,Kozhikode to Thiruvananthapuram,From INR 215,62 bus options,First Bus : 00:01,Last Bus : 23:45,BOOK NOW,https://www.redbus.in/bus-tickets/kozhikode-to-thiruvananthapuram
96,Bangalore to Kalpetta (kerala),From INR 357,17 bus options,First Bus : 10:03,Last Bus : 23:30,BOOK NOW,https://www.redbus.in/bus-tickets/bangalore-to-kalpetta
97,Mysore to Kozhikode,From INR 256,30 bus options,First Bus : 00:15,Last Bus : 23:59,BOOK NOW,https://www.redbus.in/bus-tickets/mysore-to-kozhikode
98,Kalpetta (kerala) to Bangalore,From INR 219,19 bus options,First Bus : 00:01,Last Bus : 23:30,BOOK NOW,https://www.redbus.in/bus-tickets/kalpetta-to-bangalore
99,Kozhikode to Thrissur,From INR 120,110 bus options,First Bus : 00:20,Last Bus : 23:59,BOOK NOW,https://www.redbus.in/bus-tickets/kozhikode-to-thrissur
100,Thiruvananthapuram to Kozhikode,From INR 111,62 bus options,First Bus : 00:03,Last Bus : 23:45,BOOK NOW,https://www.redbus.in/bus-tickets/thiruvananthapuram-to-kozhikode
101,Bangalore to Kannur,From INR 422,4 bus options,First Bus : 20:32,Last Bus : 23:00,BOOK NOW,https://www.redbus.in/bus-tickets/bangalore-to-kannur
102,Kozhikode to Kottayam,From INR 201,46 bus options,First Bus : 00:20,Last Bus : 23:59,BOOK NOW,https://www.redbus.in/bus-tickets/kozhikode-to-kottayam
103,Kannur to Bangalore,From INR 546,5 bus options,First Bus : 19:00,Last Bus : 22:10,BOOK NOW,https://www.redbus.in/bus-tickets/kannur-to-bangalore
104,Kottayam to Kozhikode,From INR 163,44 bus options,First Bus : 01:00,Last Bus : 23:00,BOOK NOW,https://www.redbus.in/bus-tickets/kottayam-to-kozhikode
105,Thrissur to Kozhikode,From INR 116,114 bus options,First Bus : 00:01,Last Bus : 23:45,BOOK NOW,https://www.redbus.in/bus-tickets/thrissur-to-kozhikode
106,Kozhikode to Kalpetta (kerala),From INR 78,64 bus options,First Bus : 00:01,Last Bus : 23:25,BOOK NOW,https://www.redbus.in/bus-tickets/kozhikode-to-kalpetta
107,Coimbatore to Ooty,From INR 58,3 bus options,First Bus : 11:00,Last Bus : 21:00,BOOK NOW,https://www.redbus.in/bus-tickets/coimbatore-to-ooty
108,Kalpetta (kerala) to Kozhikode,From INR 89,58 bus options,First Bus : 00:10,Last Bus : 23:00,BOOK NOW,https://www.redbus.in/bus-tickets/kalpetta-to-kozhikode
109,Khammam to Hyderabad,From INR 281,72 bus options,First Bus : 00:10,Last Bus : 23:55,BOOK NOW,https://www.redbus.in/bus-tickets/khammam-to-hyderabad
110,Hyderabad to Vijayawada,From INR 396,130 bus options,First Bus : 00:15,Last Bus : 23:20,BOOK NOW,https://www.redbus.in/bus-tickets/hyderabad-to-vijayawada
111,Hyderabad to Khammam,From INR 281,82 bus options,First Bus : 01:00,Last Bus : 23:55,BOOK NOW,https://www.redbus.in/bus-tickets/hyderabad-to-khammam
112,Hyderabad to Srisailam,From INR 390,45 bus options,First Bus : 02:30,Last Bus : 22:00,BOOK NOW,https://www.redbus.in/bus-tickets/hyderabad-to-srisailam
113,Karimnagar to Hyderabad,From INR 283,80 bus options,First Bus : 00:10,Last Bus : 23:30,BOOK NOW,https://www.redbus.in/bus-tickets/karimnagar-to-hyderabad
114,Hyderabad to Nirmal,From INR 376,52 bus options,First Bus : 01:15,Last Bus : 23:45,BOOK NOW,https://www.redbus.in/bus-tickets/hyderabad-to-nirmal
115,Hyderabad to Mancherial,From INR 429,43 bus options,First Bus : 04:30,Last Bus : 23:30,BOOK NOW,https://www.redbus.in/bus-tickets/hyderabad-to-mancherial
116,Hyderabad to Adilabad,From INR 504,26 bus options,First Bus : 03:45,Last Bus : 23:15,BOOK NOW,https://www.redbus.in/bus-tickets/hyderabad-to-adilabad
117,Hyderabad to Karimnagar,From INR 283,75 bus options,First Bus : 00:10,Last Bus : 23:45,BOOK NOW,https://www.redbus.in/bus-tickets/hyderabad-to-karimnagar
118,Kothagudem to Hyderabad,From INR 396,51 bus options,First Bus : 00:15,Last Bus : 23:15,BOOK NOW,https://www.redbus.in/bus-tickets/kothagudem-to-hyderabad
119,Guntur (Andhra Pradesh) to Hyderabad,From INR 409,13 bus options,First Bus : 06:00,Last Bus : 23:00,BOOK NOW,https://www.redbus.in/bus-tickets/guntur-to-hyderabad
120,Godavarikhani to Hyderabad,From INR 392,53 bus options,First Bus : 00:10,Last Bus : 23:59,BOOK NOW,https://www.redbus.in/bus-tickets/godavarikhani-to-hyderabad
121,Kodad to Hyderabad,From INR 253,93 bus options,First Bus : 00:10,Last Bus : 23:20,BOOK NOW,https://www.redbus.in/bus-tickets/kodad-to-hyderabad
122,Hyderabad to Bhadrachalam,From INR 517,26 bus options,First Bus : 03:45,Last Bus : 23:20,BOOK NOW,https://www.redbus.in/bus-tickets/hyderabad-to-bhadrachalam
123,Hyderabad to Kothagudem,From INR 396,48 bus options,First Bus : 01:30,Last Bus : 23:55,BOOK NOW,https://www.redbus.in/bus-tickets/hyderabad-to-kothagudem
124,Jagityal to Hyderabad,From INR 365,26 bus options,First Bus : 00:30,Last Bus : 23:59,BOOK NOW,https://www.redbus.in/bus-tickets/jagityal-to-hyderabad
125,Hyderabad to Kurnool,From INR 314,47 bus options,First Bus : 04:00,Last Bus : 22:30,BOOK NOW,https://www.redbus.in/bus-tickets/hyderabad-to-kurnool
126,Hyderabad to Sathupally,From INR 453,21 bus options,First Bus : 06:15,Last Bus : 22:15,BOOK NOW,https://www.redbus.in/bus-tickets/hyderabad-to-sathupalli
127,Hyderabad to Armoor,From INR 310,25 bus options,First Bus : 00:05,Last Bus : 22:45,BOOK NOW,https://www.redbus.in/bus-tickets/hyderabad-to-armoor
128,Hyderabad to Godavarikhani,From INR 392,51 bus options,First Bus : 00:10,Last Bus : 23:45,BOOK NOW,https://www.redbus.in/bus-tickets/hyderabad-to-godavarikhani
129,Hyderabad to Anantapur (andhra pradesh),From INR 530,25 bus options,First Bus : 04:00,Last Bus : 21:40,BOOK NOW,https://www.redbus.in/bus-tickets/hyderabad-to-ananthapur
130,Hyderabad to Warangal,From INR 192,31 bus options,First Bus : 04:30,Last Bus : 23:00,BOOK NOW,https://www.redbus.in/bus-tickets/hyderabad-to-warangal
131,Hyderabad to Ongole,From INR 477,20 bus options,First Bus : 08:15,Last Bus : 23:10,BOOK NOW,https://www.redbus.in/bus-tickets/hyderabad-to-ongole
132,Hyderabad to Guntur (Andhra Pradesh),From INR 409,15 bus options,First Bus : 05:50,Last Bus : 23:10,BOOK NOW,https://www.redbus.in/bus-tickets/hyderabad-to-guntur
133,Kadapa to Hyderabad,From INR 614,15 bus options,First Bus : 08:00,Last Bus : 23:20,BOOK NOW,https://www.redbus.in/bus-tickets/kadapa-to-hyderabad
134,Hyderabad to Tirupati,From INR 824,23 bus options,First Bus : 09:30,Last Bus : 21:00,BOOK NOW,https://www.redbus.in/bus-tickets/hyderabad-to-tirupathi
135,Pune to Goa,From INR 900,2 bus options,First Bus : 19:15,Last Bus : 20:15,BOOK NOW,https://www.redbus.in/bus-tickets/pune-to-goa
136,Goa to Pune,From INR 800,2 bus options,First Bus : 18:00,Last Bus : 19:00,BOOK NOW,https://www.redbus.in/bus-tickets/goa-to-pune
137,Mumbai to Goa,From INR 800,1 bus options,First Bus : 17:05,Last Bus : 17:05,BOOK NOW,https://www.redbus.in/bus-tickets/mumbai-to-goa
138,Goa to Mumbai,From INR 900,2 bus options,First Bus : 18:30,Last Bus : 18:30,BOOK NOW,https://www.redbus.in/bus-tickets/goa-to-mumbai
139,Pandharpur to Goa,From INR 735,1 bus options,First Bus : 21:15,Last Bus : 21:15,BOOK NOW,https://www.redbus.in/bus-tickets/pandharpur-to-goa
140,Bangalore to Goa,From INR 900,1 bus options,First Bus : 19:45,Last Bus : 19:45,BOOK NOW,https://www.redbus.in/bus-tickets/bangalore-to-goa
141,Goa to Pandharpur,From INR 735,1 bus options,First Bus : 19:00,Last Bus : 19:00,BOOK NOW,https://www.redbus.in/bus-tickets/goa-to-pandharpur
142,Belagavi to Goa,From INR 170,2 bus options,First Bus : 13:30,Last Bus : 16:00,BOOK NOW,https://www.redbus.in/bus-tickets/belagavi-to-goa
143,Goa to Bangalore,From INR 900,1 bus options,First Bus : 18:30,Last Bus : 18:30,BOOK NOW,https://www.redbus.in/bus-tickets/goa-to-bangalore
144,Solapur to Goa,From INR 850,1 bus options,First Bus : 20:00,Last Bus : 20:00,BOOK NOW,https://www.redbus.in/bus-tickets/solapur-to-goa
145,Goa to Kolhapur(Maharashtra),From INR 420,1 bus options,First Bus : 19:00,Last Bus : 19:00,BOOK NOW,https://www.redbus.in/bus-tickets/goa-to-kolhapur-maharashtra
146,Goa to Solapur,From INR 850,1 bus options,First Bus : 19:00,Last Bus : 19:00,BOOK NOW,https://www.redbus.in/bus-tickets/goa-to-solapur
147,Goa to Sangola (Solapur),From INR 675,1 bus options,First Bus : 19:00,Last Bus : 19:00,BOOK NOW,https://www.redbus.in/bus-tickets/goa-to-sangola
148,Sangola (Solapur) to Goa,From INR 675,1 bus options,First Bus : 22:15,Last Bus : 22:15,BOOK NOW,https://www.redbus.in/bus-tickets/sangola-to-goa
149,Calangute (goa) to Goa Airport,From INR 200,4 bus options,First Bus : 10:00,Last Bus : 18:30,BOOK NOW,https://www.redbus.in/bus-tickets/calangute-goa-to-goa-airport
150,Goa to Sangli,From INR 490,1 bus options,First Bus : 19:00,Last Bus : 19:00,BOOK NOW,https://www.redbus.in/bus-tickets/goa-to-sangli
151,Calangute (goa) to Mopa Airport,From INR 200,5 bus options,First Bus : 06:04,Last Bus : 16:33,BOOK NOW,https://www.redbus.in/bus-tickets/calangute-goa-to-mopa-airport
152,Mopa Airport to Calangute (goa),From INR 200,7 bus options,First Bus : 08:00,Last Bus : 17:30,BOOK NOW,https://www.redbus.in/bus-tickets/mopa-airport-to-calangute-goa
153,Ponda to Belagavi,From INR 150,2 bus options,First Bus : 07:30,Last Bus : 08:30,BOOK NOW,https://www.redbus.in/bus-tickets/ponda-to-belagavi
154,Goa to Miraj,From INR 505,1 bus options,First Bus : 19:00,Last Bus : 19:00,BOOK NOW,https://www.redbus.in/bus-tickets/goa-to-miraj
155,Goa Airport to Calangute (goa),From INR 200,4 bus options,First Bus : 07:30,Last Bus : 16:00,BOOK NOW,https://www.redbus.in/bus-tickets/goa-airport-to-calangute-goa
156,Marcel to Belagavi,From INR 140,2 bus options,First Bus : 07:45,Last Bus : 08:45,BOOK NOW,https://www.redbus.in/bus-tickets/marcel-to-belagavi
157,Shivamogga to Goa,From INR 450,1 bus options,First Bus : 23:00,Last Bus : 23:00,BOOK NOW,https://www.redbus.in/bus-tickets/shimoga-to-goa
158,Goa to Mopa Airport,From INR 150,19 bus options,First Bus : 06:30,Last Bus : 19:15,BOOK NOW,https://www.redbus.in/bus-tickets/goa-to-mopa-airport
159,Goa to Satara,From INR 700,1 bus options,First Bus : 18:30,Last Bus : 18:30,BOOK NOW,https://www.redbus.in/bus-tickets/goa-to-satara
160,Belagavi to Marcel,From INR 140,2 bus options,First Bus : 13:30,Last Bus : 16:00,BOOK NOW,https://www.redbus.in/bus-tickets/belagavi-to-marcel
161,Mopa Airport to Goa,From INR 150,19 bus options,First Bus : 08:00,Last Bus : 20:00,BOOK NOW,https://www.redbus.in/bus-tickets/mopa-airport-to-goa
162,Shirdi to Goa,From INR 1200,1 bus options,First Bus : 14:30,Last Bus : 14:30,BOOK NOW,https://www.redbus.in/bus-tickets/shirdi-to-goa
163,Goa to Shivamogga,From INR 450,1 bus options,First Bus : 15:00,Last Bus : 15:00,BOOK NOW,https://www.redbus.in/bus-tickets/goa-to-shimoga
164,Goa to Shirdi,From INR 1200,1 bus options,First Bus : 18:00,Last Bus : 18:00,BOOK NOW,https://www.redbus.in/bus-tickets/goa-to-shirdi
165,Goa to Goa Airport,From INR 150,3 bus options,First Bus : 10:31,Last Bus : 16:01,BOOK NOW,https://www.redbus.in/bus-tickets/goa-to-goa-airport
166,Margao to Mopa Airport,From INR 400,4 bus options,First Bus : 05:00,Last Bus : 15:00,BOOK NOW,https://www.redbus.in/bus-tickets/margoa-to-mopa-airport
167,Goa Airport to Goa,From INR 150,3 bus options,First Bus : 07:30,Last Bus : 13:30,BOOK NOW,https://www.redbus.in/bus-tickets/goa-airport-to-goa
168,Mopa Airport to Margao,From INR 400,3 bus options,First Bus : 10:30,Last Bus : 16:00,BOOK NOW,https://www.redbus.in/bus-tickets/mopa-airport-to-margoa
169,Belagavi to Saquelim,From INR 140,2 bus options,First Bus : 13:30,Last Bus : 16:00,BOOK NOW,https://www.redbus.in/bus-tickets/belagavi-to-saquelim
170,Panaji to Mopa Airport,From INR 200,2 bus options,First Bus : 05:55,Last Bus : 13:30,BOOK NOW,https://www.redbus.in/bus-tickets/panaji-to-mopa-airport
171,Saquelim to Belagavi,From INR 140,2 bus options,First Bus : 08:15,Last Bus : 09:15,BOOK NOW,https://www.redbus.in/bus-tickets/saquelim-to-belagavi
172,Calangute (goa) to Goa,From INR 100,3 bus options,First Bus : 10:00,Last Bus : 15:30,BOOK NOW,https://www.redbus.in/bus-tickets/calangute-goa-to-goa
173,Calangute (goa) to Panaji,From INR 100,3 bus options,First Bus : 10:00,Last Bus : 15:30,BOOK NOW,https://www.redbus.in/bus-tickets/calangute-goa-to-panaji
174,Goa Airport to Panaji,From INR 150,4 bus options,First Bus : 07:30,Last Bus : 16:00,BOOK NOW,https://www.redbus.in/bus-tickets/goa-airport-to-panaji
175,Jodhpur to Ajmer,From INR 226,40 bus options,First Bus : 00:00,Last Bus : 23:59,BOOK NOW,https://www.redbus.in/bus-tickets/jodhpur-to-ajmer
176,Beawar (Rajasthan) to Jaipur (Rajasthan),From INR 206,92 bus options,First Bus : 00:35,Last Bus : 23:55,BOOK NOW,https://www.redbus.in/bus-tickets/beawer-to-jaipur
177,Udaipur to Jodhpur,From INR 285,15 bus options,First Bus : 05:00,Last Bus : 22:00,BOOK NOW,https://www.redbus.in/bus-tickets/udaipur-to-jodhpur
178,Jaipur (Rajasthan) to Jodhpur,From INR 356,37 bus options,First Bus : 02:25,Last Bus : 23:59,BOOK NOW,https://www.redbus.in/bus-tickets/jaipur-to-jodhpur
179,Sikar to Jaipur (Rajasthan),From INR 129,96 bus options,First Bus : 02:50,Last Bus : 23:40,BOOK NOW,https://www.redbus.in/bus-tickets/sikar-to-jaipur
180,Kishangarh to Jaipur (Rajasthan),From INR 120,71 bus options,First Bus : 00:15,Last Bus : 23:30,BOOK NOW,https://www.redbus.in/bus-tickets/kishangarh-to-jaipur
181,Aligarh (uttar pradesh) to Jaipur (Rajasthan),From INR 369,5 bus options,First Bus : 05:45,Last Bus : 22:01,BOOK NOW,https://www.redbus.in/bus-tickets/aligarh-uttar-pradesh-to-jaipur
182,Jodhpur to Beawar (Rajasthan),From INR 167,41 bus options,First Bus : 00:00,Last Bus : 23:59,BOOK NOW,https://www.redbus.in/bus-tickets/jodhpur-to-beawer
183,Kota(Rajasthan) to Jaipur (Rajasthan),From INR 265,23 bus options,First Bus : 03:20,Last Bus : 23:59,BOOK NOW,https://www.redbus.in/bus-tickets/kota-rajasthan-to-jaipur
184,Jaipur (Rajasthan) to Aligarh (uttar pradesh),From INR 369,8 bus options,First Bus : 06:50,Last Bus : 23:00,BOOK NOW,https://www.redbus.in/bus-tickets/jaipur-to-aligarh-uttar-pradesh
185,Jaipur (Rajasthan) to Kota(Rajasthan),From INR 265,23 bus options,First Bus : 00:31,Last Bus : 23:15,BOOK NOW,https://www.redbus.in/bus-tickets/jaipur-to-kota-rajasthan
186,Pali (Rajasthan) to Udaipur,From INR 212,14 bus options,First Bus : 00:15,Last Bus : 17:15,BOOK NOW,https://www.redbus.in/bus-tickets/pali-to-udaipur
187,Udaipur to Pali (Rajasthan),From INR 212,14 bus options,First Bus : 05:00,Last Bus : 22:00,BOOK NOW,https://www.redbus.in/bus-tickets/udaipur-to-pali-rajasthan
188,Sikar to Bikaner,From INR 231,14 bus options,First Bus : 00:15,Last Bus : 19:10,BOOK NOW,https://www.redbus.in/bus-tickets/sikar-to-bikaner
189,Jaipur (Rajasthan) to Bharatpur,From INR 205,67 bus options,First Bus : 00:30,Last Bus : 23:00,BOOK NOW,https://www.redbus.in/bus-tickets/jaipur-to-bharatpur
190,Kishangarh to Jodhpur,From INR 250,28 bus options,First Bus : 01:30,Last Bus : 23:59,BOOK NOW,https://www.redbus.in/bus-tickets/kishangarh-to-jodhpur
191,Jaipur (Rajasthan) to Bhilwara,From INR 258,41 bus options,First Bus : 00:20,Last Bus : 23:30,BOOK NOW,https://www.redbus.in/bus-tickets/jaipur-to-bhilwara
192,Kota(Rajasthan) to Udaipur,From INR 306,9 bus options,First Bus : 05:00,Last Bus : 16:30,BOOK NOW,https://www.redbus.in/bus-tickets/kota-rajasthan-to-udaipur
193,Jaipur (Rajasthan) to Pilani,From INR 263,13 bus options,First Bus : 04:30,Last Bus : 21:30,BOOK NOW,https://www.redbus.in/bus-tickets/jaipur-to-pilani
194,Jaipur (Rajasthan) to Mathura,From INR 268,17 bus options,First Bus : 00:30,Last Bus : 23:00,BOOK NOW,https://www.redbus.in/bus-tickets/jaipur-to-mathura
195,Bikaner to Sikar,From INR 231,13 bus options,First Bus : 04:45,Last Bus : 21:55,BOOK NOW,https://www.redbus.in/bus-tickets/bikaner-to-sikar
196,Burdwan to Kolkata,From INR 95,41 bus options,First Bus : 05:45,Last Bus : 18:30,BOOK NOW,https://www.redbus.in/bus-tickets/burdwan-to-kolkata
197,Kolkata to Burdwan,From INR 95,61 bus options,First Bus : 05:45,Last Bus : 20:00,BOOK NOW,https://www.redbus.in/bus-tickets/kolkata-to-burdwan
198,Durgapur (West Bengal) to Kolkata,From INR 150,59 bus options,First Bus : 05:00,Last Bus : 17:50,BOOK NOW,https://www.redbus.in/bus-tickets/durgapur-to-kolkata
199,Kolkata to Haldia,From INR 98,29 bus options,First Bus : 06:30,Last Bus : 18:15,BOOK NOW,https://www.redbus.in/bus-tickets/kolkata-to-haldia
200,Haldia to Kolkata,From INR 110,17 bus options,First Bus : 05:00,Last Bus : 17:30,BOOK NOW,https://www.redbus.in/bus-tickets/haldia-to-kolkata
201,Kolkata to Durgapur (West Bengal),From INR 150,64 bus options,First Bus : 05:00,Last Bus : 18:30,BOOK NOW,https://www.redbus.in/bus-tickets/kolkata-to-durgapur
202,Kolkata to Arambagh (West Bengal),From INR 76,11 bus options,First Bus : 06:25,Last Bus : 17:30,BOOK NOW,https://www.redbus.in/bus-tickets/kolkata-to-arambagh-west-bengal
203,Digha to Kolkata,From INR 153,69 bus options,First Bus : 05:30,Last Bus : 16:40,BOOK NOW,https://www.redbus.in/bus-tickets/digha-to-kolkata
204,Kolkata to Digha,From INR 154,37 bus options,First Bus : 04:00,Last Bus : 16:30,BOOK NOW,https://www.redbus.in/bus-tickets/kolkata-to-digha
205,Kolkata to Bankura,From INR 180,13 bus options,First Bus : 05:40,Last Bus : 16:45,BOOK NOW,https://www.redbus.in/bus-tickets/kolkata-to-bankura
206,Asansol (West Bengal) to Kolkata,From INR 180,31 bus options,First Bus : 05:35,Last Bus : 16:40,BOOK NOW,https://www.redbus.in/bus-tickets/asansol-to-kolkata
207,Midnapore to Kolkata,From INR 110,22 bus options,First Bus : 04:40,Last Bus : 16:40,BOOK NOW,https://www.redbus.in/bus-tickets/midnapore-to-kolkata
208,Kolkata to Asansol (West Bengal),From INR 180,30 bus options,First Bus : 05:00,Last Bus : 17:00,BOOK NOW,https://www.redbus.in/bus-tickets/kolkata-to-asansol
209,Kolkata to Siliguri,From INR 1210,1 bus options,First Bus : 20:05,Last Bus : 20:05,BOOK NOW,https://www.redbus.in/bus-tickets/kolkata-to-siliguri
210,Kolkata to Nimtouri,From INR 78,45 bus options,First Bus : 04:00,Last Bus : 18:15,BOOK NOW,https://www.redbus.in/bus-tickets/kolkata-to-nimtouri
211,Siliguri to Kolkata,From INR 1210,1 bus options,First Bus : 19:35,Last Bus : 19:35,BOOK NOW,https://www.redbus.in/bus-tickets/siliguri-to-kolkata
212,Kolkata to Contai (Kanthi),From INR 126,40 bus options,First Bus : 04:00,Last Bus : 23:45,BOOK NOW,https://www.redbus.in/bus-tickets/kolkata-to-contai-kanthi
213,Digha to Durgapur (West Bengal),From INR 233,8 bus options,First Bus : 05:50,Last Bus : 21:30,BOOK NOW,https://www.redbus.in/bus-tickets/digha-to-durgapur
214,Kolkata to Midnapore,From INR 110,23 bus options,First Bus : 05:05,Last Bus : 18:45,BOOK NOW,https://www.redbus.in/bus-tickets/kolkata-to-midnapore
215,Kolkata to Nandakumar (west bengal),From INR 85,52 bus options,First Bus : 04:00,Last Bus : 18:15,BOOK NOW,https://www.redbus.in/bus-tickets/kolkata-to-nandakumar
216,Kolkata to Mecheda (West Bengal),From INR 68,52 bus options,First Bus : 04:00,Last Bus : 18:15,BOOK NOW,https://www.redbus.in/bus-tickets/kolkata-to-mecheda-west-bengal
217,Durgapur (West Bengal) to Digha,From INR 233,8 bus options,First Bus : 06:15,Last Bus : 22:00,BOOK NOW,https://www.redbus.in/bus-tickets/durgapur-to-digha
218,Kolkata to Kolaghat,From INR 64,60 bus options,First Bus : 04:00,Last Bus : 18:45,BOOK NOW,https://www.redbus.in/bus-tickets/kolkata-to-kolaghat
219,Jhargram to Kolkata,From INR 140,13 bus options,First Bus : 05:00,Last Bus : 15:40,BOOK NOW,https://www.redbus.in/bus-tickets/jhargram-to-kolkata
220,Digha to Barasat (West Bengal),From INR 170,7 bus options,First Bus : 06:00,Last Bus : 14:20,BOOK NOW,https://www.redbus.in/bus-tickets/digha-to-barasat-west-bengal
221,Durgapur (West Bengal) to Siliguri,From INR 455,3 bus options,First Bus : 17:10,Last Bus : 18:30,BOOK NOW,https://www.redbus.in/bus-tickets/durgapur-to-siliguri
222,Midnapore to Barasat (West Bengal),From INR 125,2 bus options,First Bus : 14:00,Last Bus : 16:00,BOOK NOW,https://www.redbus.in/bus-tickets/midnapore-to-barasat-west-bengal
223,Kolkata to Heria,From INR 107,34 bus options,First Bus : 04:00,Last Bus : 16:30,BOOK NOW,https://www.redbus.in/bus-tickets/kolkata-to-heria
224,Kolkata to Chandipur (West Bengal),From INR 96,33 bus options,First Bus : 04:00,Last Bus : 16:30,BOOK NOW,https://www.redbus.in/bus-tickets/kolkata-to-chandipur-west-bengal
225,Siliguri to Durgapur (West Bengal),From INR 455,3 bus options,First Bus : 16:00,Last Bus : 20:00,BOOK NOW,https://www.redbus.in/bus-tickets/siliguri-to-durgapur
226,Berhampore (West Bengal) to Durgapur (West Bengal),From INR 143,22 bus options,First Bus : 06:00,Last Bus : 15:20,BOOK NOW,https://www.redbus.in/bus-tickets/berhampore-to-durgapur
227,Berhampore (West Bengal) to Suri,From INR 91,12 bus options,First Bus : 06:00,Last Bus : 15:20,BOOK NOW,https://www.redbus.in/bus-tickets/berhampore-to-suri
228,Barasat (West Bengal) to Digha,From INR 170,7 bus options,First Bus : 04:00,Last Bus : 11:15,BOOK NOW,https://www.redbus.in/bus-tickets/barasat-west-bengal-to-digha
229,Kolkata to Futishanko,From INR 140,8 bus options,First Bus : 09:30,Last Bus : 17:00,BOOK NOW,https://www.redbus.in/bus-tickets/kolkata-to-futishanko
230,Barasat (West Bengal) to Midnapore,From INR 125,2 bus options,First Bus : 07:20,Last Bus : 08:30,BOOK NOW,https://www.redbus.in/bus-tickets/barasat-west-bengal-to-midnapore
231,Durgapur (West Bengal) to Berhampore (West Bengal),From INR 139,25 bus options,First Bus : 04:00,Last Bus : 16:10,BOOK NOW,https://www.redbus.in/bus-tickets/durgapur-to-berhampore
232,Durgapur (West Bengal) to Malda,From INR 224,8 bus options,First Bus : 05:00,Last Bus : 18:30,BOOK NOW,https://www.redbus.in/bus-tickets/durgapur-to-malda
233,Digha to Asansol (West Bengal),From INR 267,2 bus options,First Bus : 05:50,Last Bus : 21:30,BOOK NOW,https://www.redbus.in/bus-tickets/digha-to-asansol
234,Kolkata to Ramnagar (West Bengal),From INR 144,34 bus options,First Bus : 04:00,Last Bus : 23:45,BOOK NOW,https://www.redbus.in/bus-tickets/kolkata-to-ramnagar-west-bengal
235,Kolkata to Bajkul (West Bengal),From INR 103,30 bus options,First Bus : 04:00,Last Bus : 16:30,BOOK NOW,https://www.redbus.in/bus-tickets/kolkata-to-bajkul-west-bengal
236,Kolkata to Kirnahar (West Bengal),From INR 150,3 bus options,First Bus : 14:35,Last Bus : 16:35,BOOK NOW,https://www.redbus.in/bus-tickets/kolkata-to-kirnahar-west-bengal
237,Durgapur (West Bengal) to Bankura,From INR 48,30 bus options,First Bus : 05:00,Last Bus : 19:30,BOOK NOW,https://www.redbus.in/bus-tickets/durgapur-to-bankura
238,Siliguri to Malda,From INR 225,3 bus options,First Bus : 16:00,Last Bus : 20:00,BOOK NOW,https://www.redbus.in/bus-tickets/siliguri-to-malda
239,Kolkata to Suri,From INR 190,13 bus options,First Bus : 06:00,Last Bus : 18:00,BOOK NOW,https://www.redbus.in/bus-tickets/kolkata-to-suri
240,Purulia to Durgapur (West Bengal),From INR 112,10 bus options,First Bus : 04:45,Last Bus : 09:15,BOOK NOW,https://www.redbus.in/bus-tickets/purulia-to-durgapur
241,Delhi to Shimla,From INR 507,25 bus options,First Bus : 00:40,Last Bus : 23:40,BOOK NOW,https://www.redbus.in/bus-tickets/delhi-to-shimla
242,Shimla to Delhi,From INR 505,26 bus options,First Bus : 06:12,Last Bus : 22:30,BOOK NOW,https://www.redbus.in/bus-tickets/shimla-to-delhi
243,Manali to Chandigarh,From INR 544,27 bus options,First Bus : 00:30,Last Bus : 22:00,BOOK NOW,https://www.redbus.in/bus-tickets/manali-to-chandigarh
244,Chandigarh to Manali,From INR 539,13 bus options,First Bus : 08:45,Last Bus : 22:20,BOOK NOW,https://www.redbus.in/bus-tickets/chandigarh-to-manali
245,Delhi to Manali,From INR 804,17 bus options,First Bus : 06:40,Last Bus : 22:02,BOOK NOW,https://www.redbus.in/bus-tickets/delhi-to-manali
246,Hamirpur (Himachal Pradesh) to Chandigarh,From INR 292,31 bus options,First Bus : 04:05,Last Bus : 21:30,BOOK NOW,https://www.redbus.in/bus-tickets/hamirpur-himachal-pradesh-to-chandigarh
247,Delhi to Hamirpur (Himachal Pradesh),From INR 555,12 bus options,First Bus : 07:00,Last Bus : 21:55,BOOK NOW,https://www.redbus.in/bus-tickets/delhi-to-hamirpur-himachal-pradesh
248,Delhi to Chandigarh,From INR 255,70 bus options,First Bus : 00:40,Last Bus : 23:40,BOOK NOW,https://www.redbus.in/bus-tickets/delhi-to-chandigarh
249,Manali to Delhi,From INR 804,15 bus options,First Bus : 08:00,Last Bus : 21:30,BOOK NOW,https://www.redbus.in/bus-tickets/manali-to-delhi
250,Hamirpur (Himachal Pradesh) to Delhi,From INR 555,11 bus options,First Bus : 04:05,Last Bus : 21:30,BOOK NOW,https://www.redbus.in/bus-tickets/hamirpur-himachal-pradesh-to-delhi
251,Chandigarh to Hamirpur (Himachal Pradesh),From INR 295,14 bus options,First Bus : 00:15,Last Bus : 21:40,BOOK NOW,https://www.redbus.in/bus-tickets/chandigarh-to-hamirpur-himachal-pradesh
252,Shimla to Manali,From INR 556,7 bus options,First Bus : 08:00,Last Bus : 21:40,BOOK NOW,https://www.redbus.in/bus-tickets/shimla-to-manali
253,Delhi to Dharamshala (Himachal Pradesh),From INR 672,11 bus options,First Bus : 06:30,Last Bus : 23:05,BOOK NOW,https://www.redbus.in/bus-tickets/delhi-to-dharamshala
254,Shimla to Chandigarh,From INR 220,58 bus options,First Bus : 01:30,Last Bus : 23:30,BOOK NOW,https://www.redbus.in/bus-tickets/shimla-to-chandigarh
255,Chandigarh to Dharamshala (Himachal Pradesh),From INR 421,4 bus options,First Bus : 00:15,Last Bus : 22:10,BOOK NOW,https://www.redbus.in/bus-tickets/chandigarh-to-dharamshala
256,Delhi to Baddi (Himachal Pradesh),From INR 312,7 bus options,First Bus : 07:20,Last Bus : 23:20,BOOK NOW,https://www.redbus.in/bus-tickets/delhi-to-baddi-himachal-pradesh
257,Dharamshala (Himachal Pradesh) to Chandigarh,From INR 407,26 bus options,First Bus : 05:00,Last Bus : 21:00,BOOK NOW,https://www.redbus.in/bus-tickets/dharamshala-to-chandigarh
258,Chamba (Himachal Pradesh) to Chandigarh,From INR 587,10 bus options,First Bus : 14:30,Last Bus : 20:15,BOOK NOW,https://www.redbus.in/bus-tickets/chamba-himachal-pradesh-to-chandigarh
259,Delhi to Dalhousie,From INR 710,4 bus options,First Bus : 17:50,Last Bus : 21:30,BOOK NOW,https://www.redbus.in/bus-tickets/delhi-to-dalhousie
260,Delhi to Chamba (Himachal Pradesh),From INR 796,4 bus options,First Bus : 17:50,Last Bus : 22:10,BOOK NOW,https://www.redbus.in/bus-tickets/delhi-to-chamba-himachal-pradesh
261,Dalhousie to Delhi,From INR 718,4 bus options,First Bus : 14:55,Last Bus : 19:50,BOOK NOW,https://www.redbus.in/bus-tickets/dalhousie-to-delhi
262,Solan to Delhi,From INR 404,20 bus options,First Bus : 07:23,Last Bus : 23:50,BOOK NOW,https://www.redbus.in/bus-tickets/solan-to-delhi
263,Delhi to Palampur,From INR 715,15 bus options,First Bus : 06:00,Last Bus : 21:59,BOOK NOW,https://www.redbus.in/bus-tickets/delhi-to-palampur
264,Dharamshala (Himachal Pradesh) to Delhi,From INR 672,8 bus options,First Bus : 05:00,Last Bus : 20:15,BOOK NOW,https://www.redbus.in/bus-tickets/dharamshala-to-delhi
265,Delhi to Solan,From INR 404,25 bus options,First Bus : 00:40,Last Bus : 23:40,BOOK NOW,https://www.redbus.in/bus-tickets/delhi-to-solan
266,Chandigarh to Reckong Peo (Himachal Pradesh),From INR 758,9 bus options,First Bus : 01:30,Last Bus : 19:00,BOOK NOW,https://www.redbus.in/bus-tickets/chandigarh-to-reckong-peo-himachal-pradesh
267,Manali to Shimla,From INR 556,8 bus options,First Bus : 06:00,Last Bus : 21:30,BOOK NOW,https://www.redbus.in/bus-tickets/manali-to-shimla
268,Palampur to Delhi,From INR 696,16 bus options,First Bus : 04:40,Last Bus : 21:45,BOOK NOW,https://www.redbus.in/bus-tickets/palampur-to-delhi
269,Chandigarh to Kullu,From INR 451,13 bus options,First Bus : 08:45,Last Bus : 22:20,BOOK NOW,https://www.redbus.in/bus-tickets/chandigarh-to-kullu
270,Kangra to Chandigarh,From INR 355,40 bus options,First Bus : 00:30,Last Bus : 22:05,BOOK NOW,https://www.redbus.in/bus-tickets/kangra-to-chandigarh
271,Kullu to Chandigarh,From INR 453,29 bus options,First Bus : 02:00,Last Bus : 23:10,BOOK NOW,https://www.redbus.in/bus-tickets/kullu-to-chandigarh
272,Delhi to Kangra,From INR 630,21 bus options,First Bus : 06:00,Last Bus : 23:30,BOOK NOW,https://www.redbus.in/bus-tickets/delhi-to-kangra
273,Chamba (Himachal Pradesh) to Delhi,From INR 796,4 bus options,First Bus : 12:50,Last Bus : 17:40,BOOK NOW,https://www.redbus.in/bus-tickets/chamba-himachal-pradesh-to-delhi
274,Palampur to Chandigarh,From INR 441,28 bus options,First Bus : 04:30,Last Bus : 21:45,BOOK NOW,https://www.redbus.in/bus-tickets/palampur-to-chandigarh
275,Chandigarh to Shimla,From INR 232,27 bus options,First Bus : 01:30,Last Bus : 20:20,BOOK NOW,https://www.redbus.in/bus-tickets/chandigarh-to-shimla
276,Chandigarh to Kangra,From INR 361,15 bus options,First Bus : 00:15,Last Bus : 22:10,BOOK NOW,https://www.redbus.in/bus-tickets/chandigarh-to-kangra
277,Delhi to Nalagarh,From INR 327,9 bus options,First Bus : 07:20,Last Bus : 23:20,BOOK NOW,https://www.redbus.in/bus-tickets/delhi-to-nalagarh
278,Baddi (Himachal Pradesh) to Delhi,From INR 307,5 bus options,First Bus : 05:30,Last Bus : 20:45,BOOK NOW,https://www.redbus.in/bus-tickets/baddi-himachal-pradesh-to-delhi
279,Kangra to Delhi,From INR 610,18 bus options,First Bus : 06:00,Last Bus : 22:35,BOOK NOW,https://www.redbus.in/bus-tickets/kangra-to-delhi
280,Ghumarwin to Delhi,From INR 443,10 bus options,First Bus : 05:30,Last Bus : 21:15,BOOK NOW,https://www.redbus.in/bus-tickets/ghumarwin-to-delhi
281,Delhi to Sarkaghat,From INR 555,7 bus options,First Bus : 06:20,Last Bus : 20:35,BOOK NOW,https://www.redbus.in/bus-tickets/delhi-to-sarkaghat
282,Tezpur to Guwahati,From INR 260,9 bus options,First Bus : 05:00,Last Bus : 15:45,BOOK NOW,https://www.redbus.in/bus-tickets/tezpur-to-guwahati
283,Guwahati to Tezpur,From INR 275,6 bus options,First Bus : 06:30,Last Bus : 13:45,BOOK NOW,https://www.redbus.in/bus-tickets/guwahati-to-tezpur
284,Nagaon (Assam) to Guwahati,From INR 167,1 bus options,First Bus : 12:30,Last Bus : 12:30,BOOK NOW,https://www.redbus.in/bus-tickets/nagaon-to-guwahati
285,Guwahati to Nagaon (Assam),From INR 194,1 bus options,First Bus : 10:30,Last Bus : 10:30,BOOK NOW,https://www.redbus.in/bus-tickets/guwahati-to-nagaon
286,Goalpara to Guwahati,From INR 167,2 bus options,First Bus : 05:40,Last Bus : 06:10,BOOK NOW,https://www.redbus.in/bus-tickets/goalpara-to-guwahati
287,Jorhat to North Lakhimpur,From INR 413,1 bus options,First Bus : 06:45,Last Bus : 06:45,BOOK NOW,https://www.redbus.in/bus-tickets/jorhat-to-north-lakhimpur
288,Dhubri to Guwahati,From INR 418,1 bus options,First Bus : 05:00,Last Bus : 05:00,BOOK NOW,https://www.redbus.in/bus-tickets/dhubri-to-guwahati
289,Guwahati to Dhubri,From INR 418,1 bus options,First Bus : 12:00,Last Bus : 12:00,BOOK NOW,https://www.redbus.in/bus-tickets/guwahati-to-dhubri
290,North Lakhimpur to Sibsagar,From INR 224,2 bus options,First Bus : 06:30,Last Bus : 13:00,BOOK NOW,https://www.redbus.in/bus-tickets/north-lakhimpur-to-sibsagar
291,North Lakhimpur to Jorhat,From INR 406,1 bus options,First Bus : 06:30,Last Bus : 06:30,BOOK NOW,https://www.redbus.in/bus-tickets/north-lakhimpur-to-jorhat
292,Dhekiajuli to Guwahati,From INR 217,2 bus options,First Bus : 05:55,Last Bus : 16:40,BOOK NOW,https://www.redbus.in/bus-tickets/dhekiajuli-to-guwahati
293,Jorhat to Dibrugarh,From INR 211,1 bus options,First Bus : 07:20,Last Bus : 07:20,BOOK NOW,https://www.redbus.in/bus-tickets/jorhat-to-dibrugarh
294,Jorhat to Dhemaji,From INR 301,1 bus options,First Bus : 06:45,Last Bus : 06:45,BOOK NOW,https://www.redbus.in/bus-tickets/jorhat-to-dhemaji
295,Sibsagar to North Lakhimpur,From INR 224,2 bus options,First Bus : 07:30,Last Bus : 08:10,BOOK NOW,https://www.redbus.in/bus-tickets/sibsagar-to-north-lakhimpur
296,Dhemaji to Jorhat,From INR 308,1 bus options,First Bus : 08:00,Last Bus : 08:00,BOOK NOW,https://www.redbus.in/bus-tickets/dhemaji-to-jorhat
297,Tezpur to Dibrugarh,From INR 408,1 bus options,First Bus : 08:00,Last Bus : 08:00,BOOK NOW,https://www.redbus.in/bus-tickets/tezpur-to-dibrugarh
298,Haflong to Guwahati,From INR 533,1 bus options,First Bus : 07:00,Last Bus : 07:00,BOOK NOW,https://www.redbus.in/bus-tickets/haflong-to-guwahati
299,North Lakhimpur to Dibrugarh,From INR 240,1 bus options,First Bus : 07:30,Last Bus : 07:30,BOOK NOW,https://www.redbus.in/bus-tickets/north-lakhimpur-to-dibrugarh
300,Jorhat to Tinsukia,From INR 286,1 bus options,First Bus : 07:20,Last Bus : 07:20,BOOK NOW,https://www.redbus.in/bus-tickets/jorhat-to-tinsukia
301,Dibrugarh to Tezpur,From INR 475,1 bus options,First Bus : 08:15,Last Bus : 08:15,BOOK NOW,https://www.redbus.in/bus-tickets/dibrugarh-to-tezpur
302,Guwahati to Biswanath Charali,From INR 420,2 bus options,First Bus : 07:15,Last Bus : 08:00,BOOK NOW,https://www.redbus.in/bus-tickets/guwahati-to-biswanath-charali
303,Guwahati to Haflong,From INR 533,1 bus options,First Bus : 07:30,Last Bus : 07:30,BOOK NOW,https://www.redbus.in/bus-tickets/guwahati-to-haflong
304,Dibrugarh to North Lakhimpur,From INR 240,1 bus options,First Bus : 12:50,Last Bus : 12:50,BOOK NOW,https://www.redbus.in/bus-tickets/dibrugarh-to-north-lakhimpur
305,Nagaon (Assam) to Haflong,From INR 365,1 bus options,First Bus : 10:25,Last Bus : 10:25,BOOK NOW,https://www.redbus.in/bus-tickets/nagaon-to-haflong
306,Tezpur to Moran,From INR 357,1 bus options,First Bus : 08:00,Last Bus : 08:00,BOOK NOW,https://www.redbus.in/bus-tickets/tezpur-to-moran
307,Dibrugarh to Jorhat,From INR 211,1 bus options,First Bus : 10:30,Last Bus : 10:30,BOOK NOW,https://www.redbus.in/bus-tickets/dibrugarh-to-jorhat
308,Guwahati to Silchar,From INR 557,1 bus options,First Bus : 17:30,Last Bus : 17:30,BOOK NOW,https://www.redbus.in/bus-tickets/guwahati-to-silchar
309,Bihpuria to Dibrugarh,From INR 298,1 bus options,First Bus : 06:30,Last Bus : 06:30,BOOK NOW,https://www.redbus.in/bus-tickets/bihpuria-to-dibrugarh
310,Haflong to Nagaon (Assam),From INR 365,1 bus options,First Bus : 07:00,Last Bus : 07:00,BOOK NOW,https://www.redbus.in/bus-tickets/haflong-to-nagaon
311,North Lakhimpur to Tezpur,From INR 295,3 bus options,First Bus : 06:00,Last Bus : 07:00,BOOK NOW,https://www.redbus.in/bus-tickets/north-lakhimpur-to-tezpur
312,Biswanath Charali to Guwahati,From INR 362,4 bus options,First Bus : 08:15,Last Bus : 10:00,BOOK NOW,https://www.redbus.in/bus-tickets/biswanath-charali-to-guwahati
313,Biswanath Charali to Dibrugarh,From INR 459,1 bus options,First Bus : 06:30,Last Bus : 06:30,BOOK NOW,https://www.redbus.in/bus-tickets/biswanath-charali-to-dibrugarh
314,Tinsukia to Jorhat,From INR 249,2 bus options,First Bus : 08:25,Last Bus : 09:00,BOOK NOW,https://www.redbus.in/bus-tickets/tinsukia-to-jorhat
315,Moran to Tezpur,From INR 412,1 bus options,First Bus : 09:20,Last Bus : 09:20,BOOK NOW,https://www.redbus.in/bus-tickets/moran-to-tezpur
316,Jorhat to Gogamukh,From INR 345,1 bus options,First Bus : 06:45,Last Bus : 06:45,BOOK NOW,https://www.redbus.in/bus-tickets/jorhat-to-gogamukh
317,Dibrugarh to Biswanath Charali,From INR 459,1 bus options,First Bus : 08:45,Last Bus : 08:45,BOOK NOW,https://www.redbus.in/bus-tickets/dibrugarh-to-biswanath-charali
318,Gohpur to Guwahati,From INR 453,4 bus options,First Bus : 06:45,Last Bus : 09:00,BOOK NOW,https://www.redbus.in/bus-tickets/gohpur-to-guwahati
319,Tinsukia to Tezpur,From INR 551,1 bus options,First Bus : 07:00,Last Bus : 07:00,BOOK NOW,https://www.redbus.in/bus-tickets/tinsukia-to-tezpur
320,North Lakhimpur to Golaghat,From INR 513,1 bus options,First Bus : 06:30,Last Bus : 06:30,BOOK NOW,https://www.redbus.in/bus-tickets/north-lakhimpur-to-golaghat
321,Golaghat to North Lakhimpur,From INR 513,1 bus options,First Bus : 05:45,Last Bus : 05:45,BOOK NOW,https://www.redbus.in/bus-tickets/golaghat-to-north-lakhimpur
322,Silchar to Guwahati,From INR 557,1 bus options,First Bus : 16:30,Last Bus : 16:30,BOOK NOW,https://www.redbus.in/bus-tickets/silchar-to-guwahati
323,Bokakhat to Dibrugarh,From INR 278,1 bus options,First Bus : 07:30,Last Bus : 07:30,BOOK NOW,https://www.redbus.in/bus-tickets/bokakhat-to-dibrugarh
324,North Lakhimpur to Moran,From INR 173,1 bus options,First Bus : 13:00,Last Bus : 13:00,BOOK NOW,https://www.redbus.in/bus-tickets/north-lakhimpur-to-moran
325,Tezpur to North Lakhimpur,From INR 340,1 bus options,First Bus : 11:15,Last Bus : 11:15,BOOK NOW,https://www.redbus.in/bus-tickets/tezpur-to-north-lakhimpur
326,Tezpur to Tinsukia,From INR 475,1 bus options,First Bus : 08:00,Last Bus : 08:00,BOOK NOW,https://www.redbus.in/bus-tickets/tezpur-to-tinsukia
327,Dibrugarh to Bihpuria,From INR 298,1 bus options,First Bus : 12:50,Last Bus : 12:50,BOOK NOW,https://www.redbus.in/bus-tickets/dibrugarh-to-bihpuria
328,Dibrugarh to Bokakhat,From INR 278,1 bus options,First Bus : 09:30,Last Bus : 09:30,BOOK NOW,https://www.redbus.in/bus-tickets/dibrugarh-to-bokakhat
329,Bareilly to Delhi,From INR 413,68 bus options,First Bus : 00:05,Last Bus : 23:59,BOOK NOW,https://www.redbus.in/bus-tickets/bareilly-to-delhi
330,Aligarh (uttar pradesh) to Delhi,From INR 203,42 bus options,First Bus : 00:51,Last Bus : 23:45,BOOK NOW,https://www.redbus.in/bus-tickets/aligarh-uttar-pradesh-to-delhi
331,Delhi to Bareilly,From INR 411,106 bus options,First Bus : 00:31,Last Bus : 23:58,BOOK NOW,https://www.redbus.in/bus-tickets/delhi-to-bareilly
332,Delhi to Aligarh (uttar pradesh),From INR 223,49 bus options,First Bus : 01:30,Last Bus : 23:00,BOOK NOW,https://www.redbus.in/bus-tickets/delhi-to-aligarh-uttar-pradesh
333,Farrukhabad (Uttar Pradesh) to Delhi,From INR 479,13 bus options,First Bus : 07:30,Last Bus : 21:00,BOOK NOW,https://www.redbus.in/bus-tickets/farrukhabad-up-to-delhi
334,Badaun to Delhi,From INR 334,14 bus options,First Bus : 05:30,Last Bus : 23:00,BOOK NOW,https://www.redbus.in/bus-tickets/badaun-to-delhi
335,Lucknow to Allahabad,From INR 310,67 bus options,First Bus : 00:01,Last Bus : 23:20,BOOK NOW,https://www.redbus.in/bus-tickets/lucknow-to-allahabad
336,Lucknow to Varanasi,From INR 460,42 bus options,First Bus : 00:05,Last Bus : 23:30,BOOK NOW,https://www.redbus.in/bus-tickets/lucknow-to-varanasi
337,Delhi to Badaun,From INR 334,16 bus options,First Bus : 01:30,Last Bus : 23:00,BOOK NOW,https://www.redbus.in/bus-tickets/delhi-to-badaun
338,Agra to Bareilly,From INR 323,12 bus options,First Bus : 04:30,Last Bus : 23:06,BOOK NOW,https://www.redbus.in/bus-tickets/agra-to-bareilly
339,Allahabad to Lucknow,From INR 310,65 bus options,First Bus : 03:30,Last Bus : 23:02,BOOK NOW,https://www.redbus.in/bus-tickets/allahabad-to-lucknow
340,Sitapur (Uttar Pradesh) to Delhi,From INR 648,16 bus options,First Bus : 08:50,Last Bus : 23:30,BOOK NOW,https://www.redbus.in/bus-tickets/sitapur-to-delhi
341,Delhi to Farrukhabad (Uttar Pradesh),From INR 479,19 bus options,First Bus : 04:20,Last Bus : 22:01,BOOK NOW,https://www.redbus.in/bus-tickets/delhi-to-farrukhabad-up
342,Moradabad to Delhi,From INR 261,37 bus options,First Bus : 00:35,Last Bus : 23:50,BOOK NOW,https://www.redbus.in/bus-tickets/moradabad-to-delhi
343,Delhi to Haridwar,From INR 357,14 bus options,First Bus : 04:30,Last Bus : 22:00,BOOK NOW,https://www.redbus.in/bus-tickets/delhi-to-haridwar
344,Delhi to Sitapur (Uttar Pradesh),From INR 650,16 bus options,First Bus : 05:30,Last Bus : 21:30,BOOK NOW,https://www.redbus.in/bus-tickets/delhi-to-sitapur
345,Bareilly to Agra,From INR 323,10 bus options,First Bus : 05:30,Last Bus : 23:00,BOOK NOW,https://www.redbus.in/bus-tickets/bareilly-to-agra
346,Agra to Lucknow,From INR 378,48 bus options,First Bus : 04:30,Last Bus : 23:55,BOOK NOW,https://www.redbus.in/bus-tickets/agra-to-lucknow
347,Kanpur (Uttar Pradesh) to Jhansi,From INR 381,18 bus options,First Bus : 01:35,Last Bus : 23:59,BOOK NOW,https://www.redbus.in/bus-tickets/kanpur-to-jhansi
348,Lucknow to Agra,From INR 428,29 bus options,First Bus : 05:30,Last Bus : 23:45,BOOK NOW,https://www.redbus.in/bus-tickets/lucknow-to-agra
349,Varanasi to Lucknow,From INR 472,42 bus options,First Bus : 03:00,Last Bus : 23:54,BOOK NOW,https://www.redbus.in/bus-tickets/varanasi-to-lucknow
350,Bareilly to Haridwar,From INR 412,8 bus options,First Bus : 00:51,Last Bus : 22:05,BOOK NOW,https://www.redbus.in/bus-tickets/bareilly-to-haridwar
351,Delhi to Agra,From INR 295,28 bus options,First Bus : 03:10,Last Bus : 20:00,BOOK NOW,https://www.redbus.in/bus-tickets/delhi-to-agra
352,Delhi to Shahjahanpur (Uttar Pradesh),From INR 529,39 bus options,First Bus : 05:00,Last Bus : 23:00,BOOK NOW,https://www.redbus.in/bus-tickets/delhi-to-shahjahanpur
353,Agra to Delhi,From INR 295,49 bus options,First Bus : 03:45,Last Bus : 23:55,BOOK NOW,https://www.redbus.in/bus-tickets/agra-to-delhi
354,Lucknow to Ballia,From INR 575,8 bus options,First Bus : 10:00,Last Bus : 23:00,BOOK NOW,https://www.redbus.in/bus-tickets/lucknow-to-ballia
355,Bareilly to Dehradun,From INR 511,7 bus options,First Bus : 00:51,Last Bus : 22:05,BOOK NOW,https://www.redbus.in/bus-tickets/bareilly-to-dehradun
356,Allahabad to Azamgarh,From INR 246,12 bus options,First Bus : 06:30,Last Bus : 20:00,BOOK NOW,https://www.redbus.in/bus-tickets/allahabad-to-azamgarh
357,Kanpur (Uttar Pradesh) to Bareilly,From INR 389,17 bus options,First Bus : 00:10,Last Bus : 23:03,BOOK NOW,https://www.redbus.in/bus-tickets/kanpur-to-bareilly
358,Lucknow to Ayodhya,From INR 195,134 bus options,First Bus : 00:01,Last Bus : 23:10,BOOK NOW,https://www.redbus.in/bus-tickets/lucknow-to-ayodhya
359,Aligarh (uttar pradesh) to Lucknow,From INR 571,9 bus options,First Bus : 08:00,Last Bus : 21:30,BOOK NOW,https://www.redbus.in/bus-tickets/aligarh-to-lucknow
360,Aligarh (uttar pradesh) to Agra,From INR 136,40 bus options,First Bus : 00:30,Last Bus : 21:30,BOOK NOW,https://www.redbus.in/bus-tickets/aligarh-to-agra
361,Lucknow to Haridwar,From INR 776,5 bus options,First Bus : 13:00,Last Bus : 21:01,BOOK NOW,https://www.redbus.in/bus-tickets/lucknow-to-haridwar
362,Lucknow to Kanpur (Uttar Pradesh),From INR 142,140 bus options,First Bus : 00:17,Last Bus : 23:55,BOOK NOW,https://www.redbus.in/bus-tickets/lucknow-to-kanpur
363,Lucknow to Aligarh (uttar pradesh),From INR 707,4 bus options,First Bus : 08:00,Last Bus : 22:30,BOOK NOW,https://www.redbus.in/bus-tickets/lucknow-to-aligarh
364,Delhi to Etah (Uttar Pradesh),From INR 305,48 bus options,First Bus : 01:30,Last Bus : 22:01,BOOK NOW,https://www.redbus.in/bus-tickets/delhi-to-etah-up
365,Delhi to Kotdwar (Uttarakhand),From INR 320,13 bus options,First Bus : 04:30,Last Bus : 19:15,BOOK NOW,https://www.redbus.in/bus-tickets/delhi-to-kotdwar
366,Allahabad to Varanasi,From INR 200,18 bus options,First Bus : 00:07,Last Bus : 21:10,BOOK NOW,https://www.redbus.in/bus-tickets/allahabad-to-varanasi
367,Delhi to Moradabad,From INR 274,44 bus options,First Bus : 05:00,Last Bus : 23:00,BOOK NOW,https://www.redbus.in/bus-tickets/delhi-to-moradabad
368,Varanasi to Allahabad,From INR 200,19 bus options,First Bus : 03:20,Last Bus : 23:01,BOOK NOW,https://www.redbus.in/bus-tickets/varanasi-to-allahabad
369,Lucknow to Jaunpur,From INR 364,27 bus options,First Bus : 07:00,Last Bus : 23:00,BOOK NOW,https://www.redbus.in/bus-tickets/lucknow-to-jaunpur
370,Aligarh (uttar pradesh) to Haridwar,From INR 469,7 bus options,First Bus : 09:15,Last Bus : 23:00,BOOK NOW,https://www.redbus.in/bus-tickets/aligarh-to-haridwar
371,Shahjahanpur (Uttar Pradesh) to Delhi,From INR 533,26 bus options,First Bus : 07:00,Last Bus : 23:15,BOOK NOW,https://www.redbus.in/bus-tickets/shahjahanpur-to-delhi
372,Lucknow to Azamgarh,From INR 407,93 bus options,First Bus : 06:00,Last Bus : 23:30,BOOK NOW,https://www.redbus.in/bus-tickets/lucknow-to-azamgarh
373,Jaunpur to Lucknow,From INR 376,22 bus options,First Bus : 00:16,Last Bus : 23:56,BOOK NOW,https://www.redbus.in/bus-tickets/jaunpur-to-lucknow
374,Kanpur (Uttar Pradesh) to Lucknow,From INR 138,185 bus options,First Bus : 01:00,Last Bus : 23:59,BOOK NOW,https://www.redbus.in/bus-tickets/kanpur-to-lucknow
375,Agra to Haridwar,From INR 595,6 bus options,First Bus : 07:00,Last Bus : 20:30,BOOK NOW,https://www.redbus.in/bus-tickets/agra-to-haridwar
376,Lucknow to Gorakhpur (uttar pradesh),From INR 413,122 bus options,First Bus : 00:01,Last Bus : 23:10,BOOK NOW,https://www.redbus.in/bus-tickets/lucknow-to-gorakhpur
377,Delhi to Haldwani,From INR 476,11 bus options,First Bus : 06:30,Last Bus : 19:30,BOOK NOW,https://www.redbus.in/bus-tickets/delhi-to-haldwani
